{"loss": [0.43448565920814874, 0.2969621925894171, 0.26228339008685914, 0.3588583952956833, 0.2689306891071751, 0.23450659004971386, 0.27598127913544884, 0.26938741352409123, 0.14328578563237732, 0.22605869219041044, 0.19534918817225844, 0.22332019912078976, 0.1360142893344164, 0.2818263880722225, 0.14699088041482475, 0.34238660645620256, 0.26016410959884523, 0.20587009884830978, 0.12910949612845374, 0.1268231096060481, 0.2816278887051158, 0.1655434685293585, 0.20320349341879287, 0.1753131966514047, 0.0717712031345758, 0.17174657177587505, 0.1729691473254934, 0.20353630975354464, 0.1747652980160307, 0.10636371201506317, 0.1842961449472932, 0.11869237458126412, 0.17566250336123632, 0.14597096371464433, 0.1523156419536099, 0.14627082280889905, 0.145859072295425, 0.16399109893594868, 0.12201315162703395, 0.15910913577571398], "val_loss": [0.1215762464081585, 0.15560848651912765, 0.28430561928847886, 0.24631043926110843, 0.12651730161767616, 0.12111554772633573, 0.2720140781847463, 0.11296704710474696, 0.10641324494972124, 0.17613596940224152, 0.13245722396380227, 0.1701977889937605, 0.17710136033027715, 0.12424926977415664, 0.20444491178257496, 0.1606819033757716, 0.10871720247551044, 0.11104750860671418, 0.12110872013811562, 0.056792803789785073, 0.18938355620248595, 0.11220472663948042, 0.17390837334771303, 0.1330252670138008, 0.10963067007253192, 0.12164091606340978, 0.12365503567338422, 0.10223016335141333, 0.12796577730678374, 0.12480124649047629, 0.10640650270911663, 0.10218952503645846, 0.09082804949434502, 0.09555140946505834, 0.08227278282393471, 0.056058924048346045, 0.06921574875477877, 0.07517179446100879, 0.057806174450704115, 0.11056860276637936], "val_acc": [0.9528985507246377, 0.9492753623188406, 0.894927536231884, 0.9057971014492754, 0.9492753623188406, 0.967391304347826, 0.9492753623188406, 0.9601449275362319, 0.9456521739130435, 0.967391304347826, 0.9565217391304348, 0.9347826086956522, 0.9130434782608695, 0.9601449275362319, 0.9384057971014492, 0.9456521739130435, 0.967391304347826, 0.9637681159420289, 0.9456521739130435, 0.9746376811594203, 0.9710144927536232, 0.9818840579710145, 0.927536231884058, 0.9528985507246377, 0.967391304347826, 0.9601449275362319, 0.9601449275362319, 0.9637681159420289, 0.9565217391304348, 0.9637681159420289, 0.9637681159420289, 0.9565217391304348, 0.9710144927536232, 0.9637681159420289, 0.9637681159420289, 0.9637681159420289, 0.9746376811594203, 0.967391304347826, 0.9746376811594203, 0.9492753623188406], "acc": [0.825, 0.89, 0.9141414141414141, 0.89, 0.9141414141414141, 0.92, 0.915, 0.915, 0.9494949494949495, 0.9494949494949495, 0.94, 0.925, 0.955, 0.91, 0.9393939393939394, 0.91, 0.915, 0.9545454545454546, 0.9696969696969697, 0.94, 0.925, 0.95, 0.9393939393939394, 0.925, 0.9747474747474747, 0.94, 0.945, 0.935, 0.9494949494949495, 0.9646464646464646, 0.915, 0.9696969696969697, 0.935, 0.955, 0.96, 0.9545454545454546, 0.945, 0.93, 0.97, 0.9494949494949495]}
